[ {
  "name" : "Promotion 5",
  "smsCost" : 12.0,
  "callCostPerMinute" : 15.0,
  "dataCostPerKiloByte" : 15.0,
  "smsLimit" : 0.0,
  "callMinutesLimit" : 0.0,
  "dataUsageLimit" : 0.0,
  "tariffTotalPrice" : 42.0
}, {
  "name" : "promotion 12312",
  "smsCost" : 14.0,
  "callCostPerMinute" : 12.0,
  "dataCostPerKiloByte" : 19.0,
  "smsLimit" : 12.0,
  "callMinutesLimit" : 14.0,
  "dataUsageLimit" : 19.0,
  "tariffTotalPrice" : 45.0
}, {
  "name" : "Promotion 3",
  "smsCost" : 14.0,
  "callCostPerMinute" : 12.0,
  "dataCostPerKiloByte" : 15.0,
  "smsLimit" : 0.0,
  "callMinutesLimit" : 0.0,
  "dataUsageLimit" : 0.0,
  "tariffTotalPrice" : 41.0
}, {
  "name" : "Promotion",
  "smsCost" : 0.34,
  "callCostPerMinute" : 10.0,
  "dataCostPerKiloByte" : 0.234,
  "smsLimit" : 0.0,
  "callMinutesLimit" : 0.0,
  "dataUsageLimit" : 0.0,
  "tariffTotalPrice" : 10.574
}, {
  "name" : "Promotion 2",
  "smsCost" : 12.0,
  "callCostPerMinute" : 121.0,
  "dataCostPerKiloByte" : 13.0,
  "smsLimit" : 0.0,
  "callMinutesLimit" : 0.0,
  "dataUsageLimit" : 0.0,
  "tariffTotalPrice" : 146.0
} ]